Joao;1235;2;21;8;1994;Lorem ipsum dolor sit amet, consectetur adipiscing elit. Duis consequat placerat urna, at porttitor massa. Nam at pretium sapien. Suspendisse augue lectus, finibus sed nulla vel, sagittis aliquam leo.
Maria;1448;1;31;1;2011;Lorem ipsum dolor sit amet, consectetur adipiscing elit. Duis consequat placerat urna, at porttitor massa. Nam at pretium sapien. Suspendisse augue lectus, finibus sed nulla vel, sagittis aliquam leo.
Jose;355;3;1;5;1995;Lorem ipsum dolor sit amet, consectetur adipiscing elit. Duis consequat placerat urna, at porttitor massa. Nam at pretium sapien. Suspendisse augue lectus, finibus sed nulla vel, sagittis aliquam leo.
Joao;1511;3;5;8;2017;Lorem ipsum dolor sit amet, consectetur adipiscing elit. Duis consequat placerat urna, at porttitor massa. Nam at pretium sapien. Suspendisse augue lectus, finibus sed nulla vel, sagittis aliquam leo.
Maria;1071;3;7;12;2017;Lorem ipsum dolor sit amet, consectetur adipiscing elit. Duis consequat placerat urna, at porttitor massa. Nam at pretium sapien. Suspendisse augue lectus, finibus sed nulla vel, sagittis aliquam leo.
Jose;1558;3;25;11;1999;Lorem ipsum dolor sit amet, consectetur adipiscing elit. Duis consequat placerat urna, at porttitor massa. Nam at pretium sapien. Suspendisse augue lectus, finibus sed nulla vel, sagittis aliquam leo.
Joao;1223;1;24;10;2005;Lorem ipsum dolor sit amet, consectetur adipiscing elit. Duis consequat placerat urna, at porttitor massa. Nam at pretium sapien. Suspendisse augue lectus, finibus sed nulla vel, sagittis aliquam leo.
Maria;956;1;17;1;2009;Lorem ipsum dolor sit amet, consectetur adipiscing elit. Duis consequat placerat urna, at porttitor massa. Nam at pretium sapien. Suspendisse augue lectus, finibus sed nulla vel, sagittis aliquam leo.
Jose;855;1;15;9;2018;Lorem ipsum dolor sit amet, consectetur adipiscing elit. Duis consequat placerat urna, at porttitor massa. Nam at pretium sapien. Suspendisse augue lectus, finibus sed nulla vel, sagittis aliquam leo.
Joao;644;2;1;8;2019;Lorem ipsum dolor sit amet, consectetur adipiscing elit. Duis consequat placerat urna, at porttitor massa. Nam at pretium sapien. Suspendisse augue lectus, finibus sed nulla vel, sagittis aliquam leo.
Maria;1550;2;2;7;2013;Lorem ipsum dolor sit amet, consectetur adipiscing elit. Duis consequat placerat urna, at porttitor massa. Nam at pretium sapien. Suspendisse augue lectus, finibus sed nulla vel, sagittis aliquam leo.
Jose;1556;1;7;6;2017;Lorem ipsum dolor sit amet, consectetur adipiscing elit. Duis consequat placerat urna, at porttitor massa. Nam at pretium sapien. Suspendisse augue lectus, finibus sed nulla vel, sagittis aliquam leo.
Joao;403;2;10;3;2018;Lorem ipsum dolor sit amet, consectetur adipiscing elit. Duis consequat placerat urna, at porttitor massa. Nam at pretium sapien. Suspendisse augue lectus, finibus sed nulla vel, sagittis aliquam leo.
Maria;563;3;11;3;2018;Lorem ipsum dolor sit amet, consectetur adipiscing elit. Duis consequat placerat urna, at porttitor massa. Nam at pretium sapien. Suspendisse augue lectus, finibus sed nulla vel, sagittis aliquam leo.
Jose;842;1;15;2;2018;Lorem ipsum dolor sit amet, consectetur adipiscing elit. Duis consequat placerat urna, at porttitor massa. Nam at pretium sapien. Suspendisse augue lectus, finibus sed nulla vel, sagittis aliquam leo.
Joao;1566;2;10;4;2018;Lorem ipsum dolor sit amet, consectetur adipiscing elit. Duis consequat placerat urna, at porttitor massa. Nam at pretium sapien. Suspendisse augue lectus, finibus sed nulla vel, sagittis aliquam leo.
